<?xml version="1.0" encoding="UTF-8" standalone="yes"?>
<addon id="plugin.video.taptap" name="Taptap" version="0.2.1" provider-name="zhengfan">
  <requires>
    <import addon="xbmc.python" version="2.1.0"/>
    <import addon="script.module.xbmcswift2" version="2.4.0"/>
  <import addon="script.module.beautifulsoup4" version="4.5.3"/>
  <import addon="script.module.requests" version="2.19.1"/>
  <import addon="script.module.html5lib" version="0.999.0"/>
  </requires>
  <extension point="xbmc.python.pluginsource" library="addon.py">
    <provides>video</provides>
  </extension>
  <extension point="xbmc.addon.metadata">
    <platform>all</platform>
    <language></language>
    <description>TapTap是一个推荐高品质手游的手游分享社区，实时同步全球各大应用市场游戏排行榜，与全球玩家共同交流并发掘高品质手游。每一款推荐游戏，都是由专业的测评团队从全球海量的游戏中精选而出，只为你提供好玩的手机游戏。</description>
    <assets>
      <icon>icon.png</icon>
      <fanart>fanart.png</fanart> 
    </assets>
    <news>首个版本</news>
  </extension>
</addon>
