﻿<?xml version="1.0" encoding="UTF-8" standalone="yes"?>
<addon id="service.subtitles.bilibili"
       name="Bilibili 弹幕"
       version="0.1.1"
       provider-name="xodidox,zhengfan,shaolin-kongfu">
    <requires>
        <import addon="xbmc.python" version="2.1.0"/>
        <import addon="script.module.requests" version="1.1.0"/>
        <import addon="script.module.beautifulsoup4" version="4.3.2"/>
        <import addon="vfs.rar" version="2.3.0"/>
    </requires>
    <extension point="xbmc.subtitle.module"
               library="service.py" />
    <extension point="xbmc.addon.metadata">
        <summary lang="zh">哔哩哔哩 弹幕插件</summary>
        <description lang="zh">从 哔哩哔哩 下载弹幕</description>
        <assets>
            <icon>icon.png</icon>
            <clearlogo>logo.png</clearlogo>
            <fanart>resources/media/fanart.jpg</fanart>
            <screenshot>resources/media/screenshot_1.png</screenshot>
            <screenshot>resources/media/screenshot_2.png</screenshot>
            <screenshot>resources/media/screenshot_3.png</screenshot>
        </assets>
        <news></news>
    </extension>
</addon>
